nombre,edad,sexo,profesion
Ana,71,M,Profesor
Pedro,50,O,Periodista
Luis,33,O,Ingeniero
José,49,O,Enfermero
Pedro,62,F,Electricista
Laura,81,F,Abogado
Juan,94,O,Abogado
Juan,94,M,Chef
Juan,76,O,Profesor
María,57,F,Científico
Raúl,30,O,Doctor
Elena,57,F,Electricista
Isabel,52,O,Electricista
Carlos,48,O,Electricista
Miguel,33,F,Mecánico
Isabel,73,M,Enfermero
Pedro,96,O,Doctor
Isabel,39,O,Chef
Raúl,66,M,Ingeniero
Ana,7,O,Artista
Sofía,31,F,Chef
Laura,10,F,Artista
Elena,18,F,Enfermero
Diego,40,M,Científico
Pedro,69,F,Estudiante
Isabel,3,F,Electricista
Clara,94,F,Mecánico
Elena,49,F,Enfermero
Alberto,10,M,Arquitecto
Laura,56,M,Estudiante
Luis,92,F,Profesor
Elena,93,O,Periodista
Luis,11,M,Científico
Luis,87,M,Contador
Alberto,34,F,Chef
Isabel,71,O,Científico
Carlos,52,M,Enfermero
Sofía,64,F,Doctor
Raúl,60,O,Mecánico
Isabel,70,F,Enfermero
Miguel,83,F,Enfermero
Diego,86,F,Científico
David,85,O,Ingeniero
José,95,M,Enfermero
Clara,13,M,Doctor
Juan,42,O,Electricista
Luis,66,F,Contador
Lucía,48,O,Mecánico
Alberto,11,M,Electricista
Laura,67,M,Chef
Diego,57,M,Chef
Ana,47,F,Periodista
Carlos,79,O,Doctor
Alberto,25,M,Científico
Sara,21,F,Electricista
Marta,60,O,Arquitecto
Marta,86,M,Ingeniero
David,43,O,Ingeniero
Alberto,41,O,Artista
Carlos,83,O,Ingeniero
Elena,11,F,Abogado
Luis,47,F,Científico
Laura,87,M,Estudiante
Clara,43,F,Abogado
Lucía,77,F,Científico
Isabel,92,O,Periodista
Elena,5,F,Doctor
Luis,64,O,Artista
Diego,97,O,Profesor
Luis,70,F,Profesor
Carlos,74,M,Estudiante
Isabel,72,O,Electricista
Marta,88,F,Ingeniero
Laura,78,O,Científico
Elena,63,F,Periodista
María,25,O,Enfermero
Clara,91,O,Doctor
Isabel,59,F,Científico
Sofía,90,F,Arquitecto
Pedro,87,M,Mecánico
María,25,M,Enfermero
Pedro,46,M,Ingeniero
Sofía,74,O,Ingeniero
Sofía,29,F,Ingeniero
Lucía,93,F,Electricista
Laura,38,F,Científico
Sara,29,F,Doctor
Lucía,66,M,Enfermero
Marta,31,O,Enfermero
Raúl,85,M,Chef
Elena,46,F,Contador
Marta,77,O,Profesor
Isabel,2,F,Chef
Lucía,86,O,Artista
Lucía,91,O,Abogado
Miguel,20,F,Chef
Pedro,24,F,Profesor
Alberto,36,F,Artista
Carlos,11,F,Enfermero
Sara,94,M,Abogado
Sofía,45,O,Doctor
Ana,73,F,Estudiante
Luis,31,M,Abogado
Marta,59,O,Artista
Juan,13,M,Mecánico
Juan,83,O,Científico
María,70,F,Abogado
Juan,9,F,Arquitecto
Sara,35,F,Profesor
Sara,22,O,Doctor
Sofía,35,O,Ingeniero
Clara,94,M,Ingeniero
Sofía,9,O,Chef
Lucía,32,M,Abogado
Lucía,38,M,Artista
José,80,O,Ingeniero
Alberto,84,O,Contador
Isabel,43,M,Mecánico
Marta,16,O,Enfermero
José,95,M,Estudiante
Luis,20,M,Electricista
Lucía,4,F,Contador
Elena,62,O,Periodista
Diego,85,F,Enfermero
Ana,55,F,Electricista
Luis,52,M,Profesor
Clara,95,M,Periodista
Carlos,14,F,Artista
Raúl,48,F,Electricista
Sara,88,F,Arquitecto
Marta,32,M,Arquitecto
Pedro,86,F,Estudiante
Alberto,69,M,Científico
Ana,99,M,Chef
David,18,M,Estudiante
José,63,M,Periodista
Miguel,46,F,Artista
Elena,94,O,Contador
Alberto,59,O,Artista
Pedro,87,M,Mecánico
Juan,73,M,Ingeniero
Elena,45,O,Científico
Clara,35,M,Mecánico
Carlos,83,M,Arquitecto
Isabel,36,F,Estudiante
Raúl,71,O,Estudiante
Diego,35,O,Profesor
Juan,93,F,Artista
David,11,F,Electricista
Luis,73,F,Científico
Juan,48,O,Electricista
Ana,61,M,Mecánico
Sara,34,F,Electricista
Diego,36,F,Arquitecto
Pedro,26,F,Ingeniero
Isabel,7,F,Profesor
Juan,18,F,Estudiante
Luis,29,F,Chef
David,2,O,Arquitecto
Raúl,30,F,Periodista
Ana,64,F,Contador
José,72,F,Doctor
Juan,39,O,Periodista
Sara,73,O,Estudiante
María,22,O,Ingeniero
Diego,87,F,Estudiante
Isabel,16,O,Artista
Raúl,80,O,Ingeniero
Alberto,61,O,Mecánico
Diego,30,O,Mecánico
Luis,4,M,Abogado
Elena,20,O,Contador
Lucía,5,F,Ingeniero
Isabel,75,F,Arquitecto
David,18,O,Enfermero
Clara,37,O,Profesor
Ana,99,M,Profesor
Marta,64,O,Doctor
Ana,42,M,Periodista
Elena,53,F,Arquitecto
Elena,41,F,Periodista
David,91,F,Artista
Carlos,45,F,Enfermero
David,2,M,Estudiante
Juan,52,F,Científico
Diego,63,M,Científico
Alberto,66,F,Contador
Ana,54,F,Enfermero
David,73,O,Profesor
Juan,90,M,Enfermero
Alberto,50,O,Contador
María,23,M,Chef
María,51,F,Chef
Miguel,85,M,Estudiante
Juan,16,O,Periodista
Pedro,53,F,Ingeniero
Juan,92,F,Chef
Lucía,68,M,Profesor
Sofía,69,M,Artista
Juan,94,M,Arquitecto
Juan,12,F,Científico
José,38,O,Mecánico
Marta,75,M,Periodista
Juan,25,F,Electricista
Raúl,23,F,Mecánico
Carlos,63,M,Mecánico
Juan,44,F,Electricista
Alberto,58,M,Artista
Elena,52,O,Enfermero
José,68,F,Profesor
Pedro,22,O,Periodista
Isabel,61,M,Chef
Pedro,13,F,Arquitecto
María,50,M,Enfermero
Sara,22,M,Contador
Alberto,86,O,Ingeniero
Diego,85,O,Abogado
Marta,81,F,Periodista
Lucía,81,O,Chef
Juan,19,M,Electricista
Isabel,95,M,Mecánico
Juan,50,M,Científico
Luis,91,F,Ingeniero
David,42,F,Electricista
Elena,51,O,Doctor
María,12,F,Electricista
Clara,20,F,Chef
Miguel,100,O,Abogado
David,41,M,Electricista
Laura,19,M,Electricista
Pedro,3,M,Ingeniero
Sofía,80,F,Arquitecto
Isabel,66,F,Mecánico
Isabel,74,O,Científico
Elena,26,O,Científico
José,14,F,Doctor
David,9,F,Profesor
Laura,53,O,Científico
Juan,94,M,Abogado
Laura,94,M,Enfermero
Sofía,33,O,Profesor
Pedro,79,O,Arquitecto
Marta,94,O,Profesor
Alberto,34,M,Mecánico
Laura,27,F,Chef
Elena,97,M,Enfermero
Clara,79,F,Mecánico
David,29,O,Abogado
David,45,F,Electricista
Isabel,46,O,Enfermero
Carlos,26,O,Chef
Carlos,22,O,Estudiante
Lucía,99,O,Abogado
Ana,66,M,Chef
Lucía,98,M,Abogado
Isabel,44,M,Abogado
Sofía,9,O,Doctor
Isabel,33,O,Enfermero
Diego,73,O,Abogado
David,14,M,Estudiante
María,84,M,Periodista
Sara,1,F,Doctor
Clara,57,O,Contador
Ana,41,M,Chef
Alberto,15,F,Científico
Pedro,14,M,Estudiante
Alberto,20,F,Chef
Alberto,46,F,Estudiante
Clara,42,O,Doctor
Sofía,48,O,Ingeniero
Lucía,54,F,Periodista
José,63,O,Abogado
Alberto,81,O,Científico
Laura,49,F,Ingeniero
Lucía,90,M,Arquitecto
Diego,98,M,Abogado
Sara,89,M,Enfermero
Ana,5,O,Contador
María,24,M,Chef
Isabel,86,F,Doctor
Laura,32,M,Mecánico
María,74,O,Estudiante
Pedro,42,O,Doctor
Sara,16,F,Electricista
Sofía,38,F,Estudiante
Juan,49,M,Ingeniero
Lucía,76,O,Contador
Sara,37,O,Estudiante
Isabel,53,F,Abogado
Sara,31,F,Contador
Laura,80,O,Artista
Marta,83,M,Contador
Juan,91,F,Abogado
Clara,10,O,Enfermero
Sofía,64,M,Chef
Elena,41,F,Mecánico
Diego,57,F,Abogado
Laura,60,M,Ingeniero
Elena,20,F,Profesor
David,56,F,Científico
Luis,85,F,Abogado
José,19,F,Estudiante
Ana,81,M,Abogado
Miguel,36,M,Periodista
Elena,41,M,Mecánico
Miguel,38,F,Contador
Miguel,36,F,Profesor
Sofía,32,M,Abogado
Sara,55,M,Abogado
Lucía,7,M,Profesor
María,1,M,Arquitecto
Diego,26,O,Arquitecto
Laura,6,O,Doctor
José,48,O,Electricista
Elena,64,F,Periodista
María,15,M,Estudiante
Miguel,66,M,Electricista
Pedro,85,F,Profesor
Raúl,94,O,Periodista
Pedro,81,F,Ingeniero
Laura,72,M,Electricista
Marta,50,M,Abogado
Sofía,25,M,Abogado
Ana,80,F,Artista
Raúl,4,F,Mecánico
Carlos,24,F,Abogado
Sofía,27,O,Artista
Carlos,31,M,Periodista
Isabel,54,O,Contador
Ana,16,O,Profesor
José,2,M,Chef
Luis,95,O,Chef
Ana,87,F,Estudiante
Clara,66,O,Abogado
Laura,95,F,Electricista
María,74,M,Periodista
Carlos,15,M,Abogado
David,63,F,Profesor
Miguel,22,M,Periodista
José,75,M,Artista
David,11,F,Artista
Sofía,38,O,Electricista
David,28,O,Electricista
David,92,F,Contador
Laura,25,M,Contador
María,32,F,Chef
Pedro,26,M,Profesor
Clara,89,F,Abogado
Alberto,94,M,Enfermero
Lucía,21,O,Mecánico
Laura,82,F,Mecánico
Diego,94,O,Enfermero
Marta,64,M,Estudiante
Diego,3,M,Abogado
Ana,70,F,Mecánico
Alberto,54,M,Mecánico
Ana,81,O,Ingeniero
Miguel,48,F,Enfermero
Raúl,30,M,Arquitecto
Laura,87,O,Chef
Sara,17,M,Chef
Laura,68,O,Contador
Luis,92,O,Estudiante
Alberto,53,O,Doctor
Elena,4,F,Profesor
Luis,95,M,Electricista
Lucía,17,M,Abogado
José,61,M,Enfermero
Ana,23,F,Electricista
Carlos,43,O,Enfermero
Lucía,45,M,Artista
Clara,87,M,Científico
Laura,73,O,Artista
Luis,87,O,Chef
Clara,7,M,Contador
Carlos,74,M,Electricista
Marta,72,O,Estudiante
Juan,90,F,Contador
Elena,43,O,Científico
Carlos,50,O,Electricista
Sofía,33,M,Doctor
Pedro,85,F,Estudiante
Marta,36,O,Chef
Juan,26,M,Abogado
Luis,84,F,Ingeniero
Raúl,38,F,Estudiante
Diego,43,F,Estudiante
Sofía,61,O,Profesor
Juan,77,F,Mecánico
Laura,94,F,Chef
Elena,40,M,Profesor
Raúl,62,O,Mecánico
Sofía,83,O,Artista
Miguel,42,M,Mecánico
Raúl,68,M,Contador
Raúl,92,M,Profesor
Sofía,64,M,Doctor
Isabel,10,O,Enfermero
Diego,81,F,Profesor
Luis,43,O,Mecánico
Marta,72,M,Mecánico
Pedro,2,O,Doctor
Clara,96,M,Artista
Luis,40,F,Artista
Carlos,18,O,Doctor
José,66,M,Abogado
Sara,95,M,Enfermero
Isabel,54,M,Arquitecto
María,51,M,Mecánico
Luis,70,F,Enfermero
Luis,70,M,Electricista
Luis,50,O,Abogado
Ana,68,F,Enfermero
Laura,81,F,Estudiante
Alberto,27,M,Mecánico
María,6,M,Artista
Lucía,94,F,Estudiante
Luis,20,O,Arquitecto
Laura,65,F,Mecánico
Marta,84,F,Estudiante
Clara,90,M,Científico
María,59,F,Chef
Laura,26,F,Enfermero
Diego,48,O,Doctor
Laura,51,O,Electricista
Laura,25,O,Doctor
Raúl,99,F,Artista
Juan,95,F,Mecánico
Luis,37,M,Mecánico
Ana,40,O,Científico
Elena,9,F,Electricista
Clara,49,M,Ingeniero
Pedro,86,O,Arquitecto
Elena,69,O,Periodista
Pedro,34,F,Chef
David,42,F,Artista
Elena,19,F,Periodista
Clara,41,F,Ingeniero
Lucía,81,F,Periodista
Diego,4,F,Estudiante
Sara,43,F,Mecánico
Miguel,60,O,Arquitecto
Marta,20,M,Profesor
Luis,82,O,Contador
Laura,2,F,Contador
Ana,43,M,Chef
Luis,64,M,Doctor
Pedro,78,M,Científico
María,12,F,Electricista
Carlos,100,M,Electricista
David,33,O,Mecánico
Elena,14,F,Electricista
Carlos,93,F,Artista
Lucía,10,O,Chef
Juan,31,M,Científico
Carlos,50,M,Electricista
David,42,O,Electricista
Marta,29,F,Periodista
Lucía,53,F,Contador
Miguel,44,F,Profesor
Sara,70,F,Enfermero
Carlos,6,M,Estudiante
Sara,24,F,Arquitecto
Miguel,53,O,Científico
Elena,86,F,Arquitecto
Juan,36,O,Contador
Clara,76,O,Contador
Isabel,15,O,Mecánico
Marta,20,O,Contador
Isabel,56,O,Enfermero
María,2,O,Artista
David,64,O,Profesor
Pedro,34,F,Abogado
Lucía,91,O,Arquitecto
Juan,83,M,Chef
Ana,44,F,Estudiante
Clara,28,O,Contador
Clara,85,O,Estudiante
José,26,F,Contador
Carlos,50,F,Electricista
Lucía,69,M,Doctor
Sara,90,M,Periodista
Alberto,98,O,Mecánico
Elena,19,M,Artista
María,15,M,Chef
Juan,22,M,Mecánico
Ana,52,F,Artista
Clara,27,O,Profesor
Juan,85,O,Artista
Luis,69,O,Mecánico
Marta,7,M,Científico
Ana,63,M,Enfermero
Laura,21,M,Artista
Luis,73,F,Abogado
María,89,O,Periodista
Raúl,11,O,Contador
David,71,M,Científico
Isabel,98,O,Contador
Pedro,81,O,Doctor
Lucía,7,M,Enfermero
Carlos,97,M,Artista
Isabel,25,M,Chef
Sofía,42,F,Arquitecto
María,66,O,Profesor
Sara,61,O,Enfermero
Sara,96,M,Profesor
Diego,77,M,Estudiante
David,87,F,Contador
Alberto,87,F,Abogado
Miguel,70,O,Arquitecto
María,24,F,Ingeniero
Marta,61,F,Doctor
José,50,F,Científico
Laura,41,O,Contador
María,58,O,Periodista
Marta,95,F,Chef
María,14,O,Contador
Sofía,53,O,Enfermero
Raúl,92,F,Científico
Sara,63,M,Chef
Sofía,5,M,Contador
Diego,13,M,Doctor
Clara,41,M,Periodista
Raúl,94,F,Artista
Ana,96,F,Enfermero
Clara,60,M,Periodista
Marta,87,F,Científico
Clara,39,O,Doctor
Marta,51,F,Abogado
Diego,27,O,Chef
David,41,M,Científico
Lucía,42,F,Enfermero
David,11,O,Doctor
Marta,74,M,Artista
Alberto,39,M,Artista
Sara,33,F,Estudiante
Clara,98,O,Artista
Miguel,26,F,Abogado
David,84,M,Enfermero
Marta,80,F,Profesor
David,58,M,Abogado
Sofía,51,F,Profesor
Isabel,15,M,Chef
Laura,100,O,Chef
Clara,25,M,Periodista
José,78,F,Mecánico
Laura,43,M,Ingeniero
María,38,F,Electricista
Sofía,78,F,Contador
Juan,94,F,Profesor
Miguel,91,F,Arquitecto
Carlos,73,O,Abogado
Luis,89,M,Mecánico
Isabel,57,M,Chef
Alberto,4,F,Estudiante
Pedro,11,M,Contador
Laura,99,M,Estudiante
Laura,29,M,Ingeniero
Pedro,48,M,Estudiante
Raúl,50,F,Chef
José,34,M,Abogado
Ana,30,O,Mecánico
Lucía,33,M,Ingeniero
Raúl,92,O,Profesor
Juan,54,F,Contador
Elena,16,F,Contador
Luis,68,M,Artista
Alberto,97,M,Ingeniero
Sofía,8,F,Ingeniero
Sofía,35,F,Profesor
Marta,51,F,Contador
Juan,14,M,Contador
Carlos,43,M,Estudiante
Lucía,91,O,Electricista
Carlos,96,F,Enfermero
Elena,16,M,Artista
Clara,5,M,Artista
Laura,87,F,Doctor
Isabel,95,O,Doctor
David,93,M,Periodista
José,3,F,Mecánico
Luis,75,O,Profesor
Ana,60,O,Ingeniero
Raúl,11,F,Científico
David,48,F,Científico
Sofía,33,F,Abogado
Luis,66,M,Científico
Pedro,93,M,Doctor
Marta,87,O,Enfermero
David,86,O,Electricista
Marta,86,M,Ingeniero
Juan,64,M,Profesor
Laura,71,O,Científico
Laura,34,M,Chef
Carlos,7,F,Doctor
Laura,78,M,Chef
Luis,94,O,Estudiante
Elena,57,F,Científico
Diego,78,M,Científico
Diego,96,O,Abogado
Miguel,27,O,Periodista
Lucía,83,M,Científico
Isabel,85,M,Abogado
Pedro,87,F,Abogado
José,42,M,Contador
Luis,67,O,Artista
Laura,11,F,Mecánico
Lucía,85,F,Ingeniero
Raúl,84,O,Abogado
Pedro,18,F,Arquitecto
Sara,21,F,Abogado
Alberto,71,O,Ingeniero
Marta,87,F,Estudiante
Carlos,47,M,Electricista
Lucía,39,F,Estudiante
Pedro,27,F,Abogado
Elena,28,M,Artista
María,31,O,Artista
Pedro,35,M,Artista
Lucía,65,M,Doctor
Raúl,68,F,Profesor
María,47,F,Doctor
José,98,O,Doctor
Pedro,89,O,Contador
Elena,27,O,Doctor
Sara,67,O,Artista
Luis,99,O,Chef
Raúl,51,M,Periodista
Carlos,33,M,Profesor
Sara,90,O,Ingeniero
Luis,16,O,Doctor
Luis,57,M,Periodista
David,83,O,Científico
Laura,33,M,Enfermero
Diego,85,F,Enfermero
Diego,58,M,Ingeniero
Elena,18,O,Contador
Laura,90,M,Arquitecto
Laura,53,O,Científico
David,10,M,Artista
José,18,O,Periodista
Carlos,70,F,Arquitecto
Laura,95,M,Arquitecto
Laura,1,M,Contador
Raúl,3,O,Abogado
Raúl,79,F,Científico
Isabel,20,O,Profesor
Ana,17,F,Profesor
Diego,99,F,Profesor
Clara,63,F,Doctor
Juan,30,F,Periodista
María,5,M,Periodista
Laura,86,O,Electricista
Elena,49,M,Científico
Elena,3,M,Artista
Elena,76,M,Electricista
José,60,M,Científico
Isabel,92,F,Estudiante
Isabel,92,M,Enfermero
Elena,65,O,Arquitecto
Laura,10,M,Estudiante
Isabel,81,M,Mecánico
Raúl,80,O,Artista
José,6,O,Chef
María,11,F,Estudiante
Juan,9,F,Profesor
Pedro,69,O,Artista
Sara,63,M,Artista
Alberto,5,M,Periodista
Alberto,67,F,Periodista
Lucía,60,M,Estudiante
Juan,71,M,Periodista
Alberto,85,M,Electricista
Sofía,43,M,Científico
Pedro,60,M,Estudiante
María,20,M,Abogado
Alberto,87,M,Enfermero
Raúl,47,M,Electricista
José,54,F,Profesor
Alberto,62,O,Abogado
Isabel,99,O,Abogado
Laura,63,O,Ingeniero
Miguel,32,O,Mecánico
Ana,62,O,Periodista
Carlos,49,O,Artista
Carlos,1,M,Profesor
Laura,27,O,Científico
Marta,65,F,Chef
Marta,79,M,Chef
Juan,9,M,Doctor
Carlos,45,M,Chef
Sara,40,O,Científico
Pedro,46,F,Científico
María,92,M,Electricista
Elena,27,F,Estudiante
Juan,37,O,Profesor
Alberto,54,M,Chef
Juan,86,M,Arquitecto
Alberto,61,F,Chef
Sofía,70,M,Arquitecto
David,72,O,Estudiante
Raúl,32,O,Enfermero
Alberto,81,M,Electricista
Lucía,89,M,Artista
Lucía,6,M,Enfermero
Isabel,45,M,Electricista
Sofía,71,F,Científico
Raúl,68,O,Electricista
José,13,F,Científico
Isabel,27,M,Abogado
Pedro,1,O,Periodista
Diego,87,O,Ingeniero
Miguel,80,M,Enfermero
Clara,33,M,Electricista
Ana,55,O,Abogado
Luis,21,O,Arquitecto
Carlos,37,F,Doctor
Isabel,10,M,Científico
Pedro,66,O,Arquitecto
Pedro,14,M,Artista
Marta,84,O,Científico
Carlos,77,F,Enfermero
Sofía,47,F,Profesor
Lucía,62,F,Contador
José,85,O,Científico
Sofía,77,M,Abogado
Sofía,5,M,Artista
Sofía,96,F,Profesor
David,73,F,Abogado
Sara,37,O,Mecánico
Raúl,41,M,Estudiante
Sara,79,O,Abogado
María,56,F,Ingeniero
Sofía,19,M,Periodista
Miguel,76,O,Electricista
Alberto,41,M,Contador
Alberto,3,F,Contador
Pedro,63,F,Doctor
Carlos,37,M,Doctor
Sara,1,M,Científico
María,16,O,Doctor
Lucía,1,O,Arquitecto
Miguel,18,O,Artista
Marta,63,O,Profesor
Carlos,51,O,Ingeniero
María,54,M,Científico
Luis,54,F,Artista
José,95,O,Contador
Juan,24,M,Abogado
Elena,8,F,Periodista
Sofía,26,M,Electricista
Raúl,59,F,Mecánico
Miguel,59,M,Artista
Raúl,34,M,Chef
Clara,1,M,Enfermero
María,75,O,Mecánico
Raúl,13,M,Estudiante
Laura,47,O,Ingeniero
Pedro,13,O,Periodista
María,68,F,Chef
Luis,58,F,Artista
Alberto,16,O,Enfermero
Isabel,6,O,Ingeniero
Ana,56,M,Chef
Miguel,69,F,Contador
Ana,19,F,Ingeniero
Alberto,9,F,Profesor
Diego,18,M,Abogado
Pedro,49,O,Chef
Sara,77,M,Abogado
Marta,87,M,Enfermero
Elena,28,O,Abogado
David,74,M,Doctor
Marta,85,M,Periodista
Lucía,85,O,Electricista
Alberto,87,F,Abogado
Ana,81,M,Periodista
Lucía,60,F,Científico
David,94,M,Mecánico
Miguel,15,F,Doctor
Diego,49,F,Científico
Isabel,88,O,Arquitecto
Miguel,61,M,Científico
Alberto,44,F,Abogado
David,29,O,Estudiante
Alberto,44,F,Ingeniero
Diego,48,M,Chef
Pedro,64,M,Artista
Isabel,81,M,Científico
Luis,9,O,Contador
Sara,73,F,Arquitecto
Lucía,30,M,Contador
Sara,17,O,Artista
Raúl,84,M,Electricista
Elena,88,F,Doctor
María,23,M,Profesor
Laura,78,F,Periodista
Isabel,42,O,Estudiante
Ana,83,O,Doctor
Elena,60,F,Ingeniero
Luis,34,O,Electricista
José,9,F,Periodista
Sara,49,O,Electricista
Miguel,51,M,Ingeniero
David,79,F,Periodista
Carlos,8,O,Electricista
Sofía,91,O,Mecánico
Pedro,15,F,Artista
Luis,33,F,Abogado
Miguel,37,M,Científico
Sofía,87,O,Científico
Diego,54,M,Doctor
Ana,39,F,Ingeniero
Alberto,83,M,Electricista
Marta,43,F,Enfermero
Sofía,12,M,Abogado
Marta,6,O,Electricista
Sofía,14,O,Periodista
Sara,48,F,Abogado
Sara,86,O,Doctor
Marta,80,F,Contador
Diego,91,F,Enfermero
José,98,O,Ingeniero
Ana,25,F,Científico
Luis,96,M,Chef
José,53,O,Arquitecto
Ana,61,F,Abogado
Alberto,82,F,Estudiante
Clara,90,O,Científico
Diego,74,F,Estudiante
Isabel,48,O,Enfermero
Lucía,39,F,Ingeniero
Carlos,20,F,Enfermero
Elena,1,F,Chef
Miguel,87,O,Abogado
Elena,68,F,Ingeniero
María,78,F,Estudiante
Sara,6,O,Arquitecto
Elena,46,O,Arquitecto
Ana,25,M,Artista
Laura,11,F,Artista
Marta,82,F,Científico
Lucía,20,F,Ingeniero
José,41,M,Contador
Sara,31,O,Arquitecto
Ana,11,M,Científico
Laura,40,O,Estudiante
Miguel,33,M,Profesor
Pedro,78,M,Doctor
Sofía,82,F,Contador
Pedro,12,O,Científico
Isabel,9,F,Periodista
Pedro,58,F,Chef
Miguel,2,F,Doctor
María,76,O,Estudiante
Ana,90,M,Artista
Luis,94,F,Artista
Luis,85,O,Mecánico
Alberto,88,M,Doctor
Laura,30,M,Periodista
Sofía,57,F,Arquitecto
Pedro,22,O,Mecánico
Sara,15,M,Ingeniero
Diego,56,F,Ingeniero
Diego,9,M,Abogado
Pedro,23,O,Doctor
Miguel,86,F,Doctor
Sara,44,M,Estudiante
Juan,73,O,Artista
Ana,93,M,Arquitecto
Sofía,12,O,Chef
José,43,M,Estudiante
Laura,68,M,Profesor
Juan,28,O,Estudiante
Raúl,64,M,Enfermero
Ana,95,M,Artista
Luis,35,O,Doctor
Diego,41,O,Doctor
Juan,82,F,Ingeniero
Lucía,78,O,Científico
Marta,34,F,Contador
Raúl,44,M,Estudiante
Alberto,91,O,Ingeniero
Sofía,11,F,Doctor
José,38,M,Profesor
María,41,F,Arquitecto
Alberto,84,F,Arquitecto
Isabel,19,M,Chef
Clara,19,M,Enfermero
Sofía,41,O,Científico
Isabel,10,F,Profesor
Elena,7,F,Abogado
María,22,F,Enfermero
Sofía,41,F,Arquitecto
José,95,O,Chef
Carlos,9,M,Periodista
María,16,M,Electricista
Laura,86,M,Científico
Raúl,23,M,Arquitecto
Elena,46,O,Arquitecto
Sofía,100,F,Electricista
Carlos,8,M,Electricista
Alberto,45,F,Doctor
Sofía,54,O,Periodista
María,5,F,Estudiante
Lucía,2,F,Mecánico
David,47,M,Ingeniero
Lucía,28,O,Doctor
Pedro,11,O,Ingeniero
David,15,M,Periodista
Juan,7,O,Estudiante
Raúl,45,M,Abogado
José,34,M,Arquitecto
Pedro,46,M,Estudiante
Pedro,74,M,Chef
Ana,69,F,Mecánico
David,6,M,Doctor
Ana,5,O,Chef
Luis,30,M,Electricista
Alberto,40,M,Artista
Alberto,5,F,Abogado
Laura,1,M,Abogado
Raúl,43,M,Artista
Luis,84,O,Chef
Luis,31,M,Arquitecto
Laura,38,F,Doctor
Pedro,41,O,Profesor
Ana,38,O,Chef
Clara,16,O,Mecánico
Diego,43,F,Enfermero
Miguel,20,F,Artista
Isabel,64,O,Ingeniero
Carlos,11,F,Profesor
Clara,63,M,Abogado
Isabel,32,M,Arquitecto
Sofía,5,O,Científico
Diego,93,O,Arquitecto
Raúl,75,F,Artista
Ana,80,F,Profesor
Laura,22,O,Artista
Carlos,27,M,Enfermero
Carlos,62,O,Profesor
Isabel,63,M,Abogado
Carlos,20,F,Estudiante
José,40,F,Chef
Marta,87,M,Enfermero
Clara,49,F,Contador
Miguel,79,F,Estudiante
María,2,O,Chef
Diego,49,F,Enfermero
Juan,1,M,Enfermero
Miguel,99,O,Mecánico
Alberto,55,M,Abogado
Pedro,46,M,Periodista
Clara,60,O,Ingeniero
Sofía,69,M,Enfermero
Laura,39,M,Arquitecto
Isabel,88,O,Mecánico
Marta,67,M,Periodista
Ana,22,F,Profesor
José,50,M,Contador
Pedro,93,F,Electricista
Clara,95,O,Contador
Carlos,50,F,Periodista
José,10,F,Periodista
María,50,O,Enfermero
Sofía,95,M,Abogado
José,28,O,Científico
María,64,F,Mecánico
Juan,77,O,Chef
David,64,O,Científico
Lucía,55,M,Profesor
Laura,60,F,Chef
José,96,M,Estudiante
David,2,M,Contador
Juan,30,M,Profesor
Luis,18,M,Enfermero
Luis,54,M,Doctor
Lucía,23,O,Enfermero
Lucía,92,O,Enfermero
Alberto,93,F,Chef
Elena,96,F,Periodista
Elena,8,O,Artista
Raúl,91,O,Arquitecto
Isabel,53,M,Electricista
Lucía,91,O,Artista
David,59,O,Artista
Lucía,64,O,Artista
Sofía,83,M,Electricista
Alberto,52,F,Doctor
Miguel,40,F,Electricista
Luis,21,O,Contador
Marta,99,M,Doctor
Raúl,44,F,Estudiante
Clara,3,O,Mecánico
Diego,96,M,Mecánico
Lucía,93,M,Electricista
Laura,12,M,Ingeniero
Raúl,40,O,Ingeniero
Clara,22,M,Ingeniero
